Date,Open,Close,Volume,Dividends,Stock Splits,Datetime
2022-11-01 00:00:00-04:00,61.4900016784668,59.65999984741211,83806700,0.0,0.0,2022-11-01 00:00:00-04:00
2022-11-02 00:00:00-04:00,63.0,58.630001068115234,142669400,0.0,0.0,2022-11-02 00:00:00-04:00
2022-11-03 00:00:00-04:00,58.11000061035156,60.11000061035156,95279900,0.0,0.0,2022-11-03 00:00:00-04:00
2022-11-04 00:00:00-04:00,62.5,62.18999862670898,84791300,0.0,0.0,2022-11-04 00:00:00-04:00
2022-11-07 00:00:00-05:00,62.93000030517578,63.08000183105469,62722500,0.0,0.0,2022-11-07 00:00:00-05:00
2022-11-08 00:00:00-05:00,64.08999633789062,63.84999847412109,75938000,0.0,0.0,2022-11-08 00:00:00-05:00
2022-11-09 00:00:00-05:00,62.27999877929688,59.91999816894531,62940300,0.0,0.0,2022-11-09 00:00:00-05:00
2022-11-10 00:00:00-05:00,64.30000305175781,68.47000122070312,107996300,0.0,0.0,2022-11-10 00:00:00-05:00
2022-11-11 00:00:00-05:00,69.58000183105469,72.37000274658203,111709500,0.0,0.0,2022-11-11 00:00:00-05:00
2022-11-14 00:00:00-05:00,75.22000122070312,73.52999877929688,108892800,0.0,0.0,2022-11-14 00:00:00-05:00
2022-11-15 00:00:00-05:00,77.26000213623047,76.37000274658203,108946300,0.0,0.0,2022-11-15 00:00:00-05:00
2022-11-16 00:00:00-05:00,73.66000366210938,72.69999694824219,79968000,0.0,0.0,2022-11-16 00:00:00-05:00
2022-11-17 00:00:00-05:00,70.55999755859375,73.9000015258789,82320800,0.0,0.0,2022-11-17 00:00:00-05:00
2022-11-18 00:00:00-05:00,75.06999969482422,73.56999969482422,73223200,0.0,0.0,2022-11-18 00:00:00-05:00
2022-11-21 00:00:00-05:00,72.20999908447266,72.45999908447266,51536300,0.0,0.0,2022-11-21 00:00:00-05:00
2022-11-22 00:00:00-05:00,72.72000122070312,75.25,55450200,0.0,0.0,2022-11-22 00:00:00-05:00
2022-11-23 00:00:00-05:00,75.48999786376953,76.4000015258789,81623600,0.0,0.0,2022-11-23 00:00:00-05:00
2022-11-25 00:00:00-05:00,75.66999816894531,75.13999938964844,26018900,0.0,0.0,2022-11-25 00:00:00-05:00
2022-11-28 00:00:00-05:00,73.80999755859375,73.19000244140625,45383800,0.0,0.0,2022-11-28 00:00:00-05:00
2022-11-29 00:00:00-05:00,73.62000274658203,73.38999938964844,51846400,0.0,0.0,2022-11-29 00:00:00-05:00
2022-11-30 00:00:00-05:00,73.37999725341797,77.62999725341797,88468400,0.0,0.0,2022-11-30 00:00:00-05:00
2022-12-01 00:00:00-05:00,78.30999755859375,77.4800033569336,59833400,0.0,0.0,2022-12-01 00:00:00-05:00
2022-12-02 00:00:00-05:00,75.05000305175781,74.9800033569336,64377200,0.0,0.0,2022-12-02 00:00:00-05:00
2022-12-05 00:00:00-05:00,74.54000091552734,73.62000274658203,47022200,0.0,0.0,2022-12-05 00:00:00-05:00
2022-12-06 00:00:00-05:00,73.08000183105469,70.2699966430664,64965200,0.0,0.0,2022-12-06 00:00:00-05:00
2022-12-07 00:00:00-05:00,69.52999877929688,70.13999938964844,59180100,0.0,0.0,2022-12-07 00:00:00-05:00
2022-12-08 00:00:00-05:00,70.13999938964844,70.47000122070312,56734100,0.0,0.0,2022-12-08 00:00:00-05:00
2022-12-09 00:00:00-05:00,69.48999786376953,68.58999633789062,59058300,0.0,0.0,2022-12-09 00:00:00-05:00
2022-12-12 00:00:00-05:00,68.54000091552734,70.66999816894531,60968300,0.0,0.0,2022-12-12 00:00:00-05:00
2022-12-13 00:00:00-05:00,74.87000274658203,71.6500015258789,72458000,0.0,0.0,2022-12-13 00:00:00-05:00
2022-12-14 00:00:00-05:00,70.93000030517578,68.93000030517578,67278000,0.0,0.0,2022-12-14 00:00:00-05:00
2022-12-15 00:00:00-05:00,67.5999984741211,66.52999877929688,58557000,0.0,0.0,2022-12-15 00:00:00-05:00
2022-12-16 00:00:00-05:00,66.25,65.41000366210938,62438600,0.0,0.0,2022-12-16 00:00:00-05:00
2022-12-19 00:00:00-05:00,65.12000274658203,64.58999633789062,46246900,0.0,0.0,2022-12-19 00:00:00-05:00
2022-12-20 00:00:00-05:00,63.7599983215332,65.05000305175781,52431300,0.0,0.0,2022-12-20 00:00:00-05:00
2022-12-21 00:00:00-05:00,65.43000030517578,67.68000030517578,44167600,0.0,0.0,2022-12-21 00:00:00-05:00
2022-12-22 00:00:00-05:00,66.08000183105469,63.86000061035156,73917700,0.0,0.0,2022-12-22 00:00:00-05:00
2022-12-23 00:00:00-05:00,63.11000061035156,64.5199966430664,45923000,0.0,0.0,2022-12-23 00:00:00-05:00
2022-12-27 00:00:00-05:00,63.869998931884766,63.27000045776367,36086000,0.0,0.0,2022-12-27 00:00:00-05:00
2022-12-28 00:00:00-05:00,62.540000915527344,62.56999969482422,39526500,0.0,0.0,2022-12-28 00:00:00-05:00
2022-12-29 00:00:00-05:00,63.63999938964844,64.81999969482422,41428500,0.0,0.0,2022-12-29 00:00:00-05:00
2022-12-30 00:00:00-05:00,63.77000045776367,64.7699966430664,37127000,0.0,0.0,2022-12-30 00:00:00-05:00
2023-01-03 00:00:00-05:00,66.0,64.0199966430664,46851800,0.0,0.0,2023-01-03 00:00:00-05:00
2023-01-04 00:00:00-05:00,65.0,64.66000366210938,47477100,0.0,0.0,2023-01-04 00:00:00-05:00
2023-01-05 00:00:00-05:00,64.1500015258789,62.33000183105469,46159500,0.0,0.0,2023-01-05 00:00:00-05:00
2023-01-06 00:00:00-05:00,63.150001525878906,63.959999084472656,70161300,0.0,0.0,2023-01-06 00:00:00-05:00
2023-01-09 00:00:00-05:00,66.22000122070312,67.23999786376953,69741300,0.0,0.0,2023-01-09 00:00:00-05:00
2023-01-10 00:00:00-05:00,66.66999816894531,68.05000305175781,41149600,0.0,0.0,2023-01-10 00:00:00-05:00
2023-01-11 00:00:00-05:00,68.38999938964844,69.05999755859375,44470100,0.0,0.0,2023-01-11 00:00:00-05:00
2023-01-12 00:00:00-05:00,70.06999969482422,70.80000305175781,70066200,0.0,0.0,2023-01-12 00:00:00-05:00
2023-01-13 00:00:00-05:00,69.83999633789062,71.0,45757400,0.0,0.0,2023-01-13 00:00:00-05:00
2023-01-17 00:00:00-05:00,70.87000274658203,71.58999633789062,42621300,0.0,0.0,2023-01-17 00:00:00-05:00
2023-01-18 00:00:00-05:00,71.87000274658203,70.52999877929688,39538700,0.0,0.0,2023-01-18 00:00:00-05:00
2023-01-19 00:00:00-05:00,68.97000122070312,67.70999908447266,47189900,0.0,0.0,2023-01-19 00:00:00-05:00
2023-01-20 00:00:00-05:00,68.01000213623047,70.06999969482422,47757600,0.0,0.0,2023-01-20 00:00:00-05:00
2023-01-23 00:00:00-05:00,72.22000122070312,76.52999877929688,84293200,0.0,0.0,2023-01-23 00:00:00-05:00
2023-01-24 00:00:00-05:00,73.75,74.69999694824219,60822600,0.0,0.0,2023-01-24 00:00:00-05:00
2023-01-25 00:00:00-05:00,72.9000015258789,74.91000366210938,49932600,0.0,0.0,2023-01-25 00:00:00-05:00
2023-01-26 00:00:00-05:00,76.5,75.16000366210938,49583900,0.0,0.0,2023-01-26 00:00:00-05:00
2023-01-27 00:00:00-05:00,73.69999694824219,75.4000015258789,58118600,0.0,0.0,2023-01-27 00:00:00-05:00
2023-01-30 00:00:00-05:00,74.2300033569336,72.44999694824219,48105200,0.0,0.0,2023-01-30 00:00:00-05:00
2023-01-31 00:00:00-05:00,72.26000213623047,75.1500015258789,71669100,0.0,0.0,2023-01-31 00:00:00-05:00
2023-02-01 00:00:00-05:00,78.47000122070312,84.63999938964844,152548200,0.0,0.0,2023-02-01 00:00:00-05:00
2023-02-02 00:00:00-05:00,84.29000091552734,88.30999755859375,97762100,0.0,0.0,2023-02-02 00:00:00-05:00
2023-02-03 00:00:00-05:00,86.66000366210938,86.08999633789062,66557800,0.0,0.0,2023-02-03 00:00:00-05:00
2023-02-06 00:00:00-05:00,84.62999725341797,83.68000030517578,53008900,0.0,0.0,2023-02-06 00:00:00-05:00
2023-02-07 00:00:00-05:00,84.31999969482422,85.91000366210938,65291900,0.0,0.0,2023-02-07 00:00:00-05:00
2023-02-08 00:00:00-05:00,85.87999725341797,84.69000244140625,54140400,0.0,0.0,2023-02-08 00:00:00-05:00
2023-02-09 00:00:00-05:00,85.87999725341797,83.20999908447266,46525400,0.0,0.0,2023-02-09 00:00:00-05:00
2023-02-10 00:00:00-05:00,82.29000091552734,81.4800033569336,49332600,0.0,0.0,2023-02-10 00:00:00-05:00
2023-02-13 00:00:00-05:00,81.56999969482422,83.12999725341797,45400000,0.0,0.0,2023-02-13 00:00:00-05:00
2023-02-14 00:00:00-05:00,82.69999694824219,85.94999694824219,55979700,0.0,0.0,2023-02-14 00:00:00-05:00
2023-02-15 00:00:00-05:00,85.0999984741211,85.18000030517578,46430200,0.0,0.0,2023-02-15 00:00:00-05:00
2023-02-16 00:00:00-05:00,82.9800033569336,80.08000183105469,57755200,0.0,0.0,2023-02-16 00:00:00-05:00
2023-02-17 00:00:00-05:00,79.5999984741211,78.5,47826600,0.0,0.0,2023-02-17 00:00:00-05:00
2023-02-21 00:00:00-05:00,77.1500015258789,76.7699966430664,44045600,0.0,0.0,2023-02-21 00:00:00-05:00
2023-02-22 00:00:00-05:00,76.93000030517578,76.61000061035156,50286800,0.0,0.0,2023-02-22 00:00:00-05:00
2023-02-23 00:00:00-05:00,80.62999725341797,79.75,76391300,0.0,0.0,2023-02-23 00:00:00-05:00
2023-02-24 00:00:00-05:00,77.75,78.08999633789062,46700000,0.0,0.0,2023-02-24 00:00:00-05:00
2023-02-27 00:00:00-05:00,79.63999938964844,78.7699966430664,45617300,0.0,0.0,2023-02-27 00:00:00-05:00
2023-02-28 00:00:00-05:00,77.87000274658203,78.58000183105469,44220100,0.0,0.0,2023-02-28 00:00:00-05:00
2023-03-01 00:00:00-05:00,78.55000305175781,78.29000091552734,44266000,0.0,0.0,2023-03-01 00:00:00-05:00
2023-03-02 00:00:00-05:00,77.56999969482422,80.44000244140625,60108600,0.0,0.0,2023-03-02 00:00:00-05:00
2023-03-03 00:00:00-05:00,80.4000015258789,81.5199966430664,54536200,0.0,0.0,2023-03-03 00:00:00-05:00
2023-03-06 00:00:00-05:00,82.02999877929688,81.16000366210938,54541300,0.0,0.0,2023-03-06 00:00:00-05:00
2023-03-07 00:00:00-05:00,81.06999969482422,82.11000061035156,70959000,0.0,0.0,2023-03-07 00:00:00-05:00
2023-03-08 00:00:00-05:00,82.79000091552734,85.37000274658203,69529800,0.0,0.0,2023-03-08 00:00:00-05:00
2023-03-09 00:00:00-05:00,85.29000091552734,84.02999877929688,79496700,0.0,0.0,2023-03-09 00:00:00-05:00
2023-03-10 00:00:00-05:00,84.47000122070312,82.66999816894531,70273600,0.0,0.0,2023-03-10 00:00:00-05:00
2023-03-13 00:00:00-04:00,81.38999938964844,82.01000213623047,65269100,0.0,0.0,2023-03-13 00:00:00-04:00
2023-03-14 00:00:00-04:00,83.66999816894531,87.44999694824219,66616300,0.0,0.0,2023-03-14 00:00:00-04:00
2023-03-15 00:00:00-04:00,86.7699966430664,89.68000030517578,86177400,0.0,0.0,2023-03-15 00:00:00-04:00
2023-03-16 00:00:00-04:00,89.72000122070312,96.5999984741211,115839200,0.0,0.0,2023-03-16 00:00:00-04:00
2023-03-17 00:00:00-04:00,96.66000366210938,97.83999633789062,94080800,0.0,0.0,2023-03-17 00:00:00-04:00
2023-03-20 00:00:00-04:00,96.3000030517578,96.80999755859376,92008900,0.0,0.0,2023-03-20 00:00:00-04:00
2023-03-21 00:00:00-04:00,97.0,95.93000030517578,85285300,0.0,0.0,2023-03-21 00:00:00-04:00
2023-03-22 00:00:00-04:00,95.6500015258789,97.58000183105467,110816300,0.0,0.0,2023-03-22 00:00:00-04:00
2023-03-23 00:00:00-04:00,100.0500030517578,100.27999877929688,84088900,0.0,0.0,2023-03-23 00:00:00-04:00
2023-03-24 00:00:00-04:00,99.18000030517578,97.9499969482422,64712400,0.0,0.0,2023-03-24 00:00:00-04:00
2023-03-27 00:00:00-04:00,98.0199966430664,96.61000061035156,57461400,0.0,0.0,2023-03-27 00:00:00-04:00
2023-03-28 00:00:00-04:00,96.7699966430664,94.55999755859376,59150100,0.0,0.0,2023-03-28 00:00:00-04:00
2023-03-29 00:00:00-04:00,96.06999969482422,96.08999633789062,55326000,0.0,0.0,2023-03-29 00:00:00-04:00
2023-03-30 00:00:00-04:00,98.0,97.87999725341795,59678500,0.0,0.0,2023-03-30 00:00:00-04:00
2023-03-31 00:00:00-04:00,96.33999633789062,98.01000213623048,55861100,0.0,0.0,2023-03-31 00:00:00-04:00
2023-04-03 00:00:00-04:00,96.6999969482422,96.55999755859376,50655300,0.0,0.0,2023-04-03 00:00:00-04:00
2023-04-04 00:00:00-04:00,97.04000091552734,95.87000274658205,43195900,0.0,0.0,2023-04-04 00:00:00-04:00
2023-04-05 00:00:00-04:00,94.3499984741211,92.55999755859376,52979300,0.0,0.0,2023-04-05 00:00:00-04:00
2023-04-06 00:00:00-04:00,91.47000122070312,92.47000122070312,47778400,0.0,0.0,2023-04-06 00:00:00-04:00
2023-04-10 00:00:00-04:00,91.31999969482422,95.4800033569336,52536300,0.0,0.0,2023-04-10 00:00:00-04:00
2023-04-11 00:00:00-04:00,96.05999755859376,94.02999877929688,51935800,0.0,0.0,2023-04-11 00:00:00-04:00
2023-04-12 00:00:00-04:00,94.97000122070312,92.33000183105467,53383100,0.0,0.0,2023-04-12 00:00:00-04:00
2023-04-13 00:00:00-04:00,92.79000091552734,92.08999633789062,40572500,0.0,0.0,2023-04-13 00:00:00-04:00
2023-04-14 00:00:00-04:00,91.81999969482422,91.75,38734800,0.0,0.0,2023-04-14 00:00:00-04:00
2023-04-17 00:00:00-04:00,90.2300033569336,89.87000274658203,47250800,0.0,0.0,2023-04-17 00:00:00-04:00
2023-04-18 00:00:00-04:00,91.61000061035156,89.77999877929688,46246300,0.0,0.0,2023-04-18 00:00:00-04:00
2023-04-19 00:00:00-04:00,88.51000213623047,89.94000244140625,37344500,0.0,0.0,2023-04-19 00:00:00-04:00
2023-04-20 00:00:00-04:00,88.83000183105469,90.11000061035156,47082700,0.0,0.0,2023-04-20 00:00:00-04:00
2023-04-21 00:00:00-04:00,89.80000305175781,88.43000030517578,41118300,0.0,0.0,2023-04-21 00:00:00-04:00
2023-04-24 00:00:00-04:00,88.11000061035156,87.56999969482422,40423800,0.0,0.0,2023-04-24 00:00:00-04:00
2023-04-25 00:00:00-04:00,86.9000015258789,83.80000305175781,52771500,0.0,0.0,2023-04-25 00:00:00-04:00
2023-04-26 00:00:00-04:00,86.51000213623047,85.94000244140625,47786600,0.0,0.0,2023-04-26 00:00:00-04:00
2023-04-27 00:00:00-04:00,86.41000366210938,87.44000244140625,53087200,0.0,0.0,2023-04-27 00:00:00-04:00
2023-04-28 00:00:00-04:00,87.0199966430664,89.37000274658203,50652100,0.0,0.0,2023-04-28 00:00:00-04:00
2023-05-01 00:00:00-04:00,91.02999877929688,89.69000244140625,59358700,0.0,0.0,2023-05-01 00:00:00-04:00
2023-05-02 00:00:00-04:00,89.31999969482422,89.91000366210938,70483500,0.0,0.0,2023-05-02 00:00:00-04:00
2023-05-03 00:00:00-04:00,83.54000091552734,81.62000274658203,109482200,0.0,0.0,2023-05-03 00:00:00-04:00
2023-05-04 00:00:00-04:00,81.56999969482422,86.61000061035156,122840500,0.0,0.0,2023-05-04 00:00:00-04:00
2023-05-05 00:00:00-04:00,84.98999786376953,89.83999633789062,78407400,0.0,0.0,2023-05-05 00:00:00-04:00
2023-05-08 00:00:00-04:00,89.98999786376953,95.04000091552734,95503200,0.0,0.0,2023-05-08 00:00:00-04:00
2023-05-09 00:00:00-04:00,94.88999938964844,95.05999755859376,68674800,0.0,0.0,2023-05-09 00:00:00-04:00
2023-05-10 00:00:00-04:00,96.41999816894533,97.0199966430664,95619500,0.0,0.0,2023-05-10 00:00:00-04:00
2023-05-11 00:00:00-04:00,98.16000366210938,97.0999984741211,57061000,0.0,0.0,2023-05-11 00:00:00-04:00
2023-05-12 00:00:00-04:00,96.83000183105467,95.26000213623048,53790400,0.0,0.0,2023-05-12 00:00:00-04:00
2023-05-15 00:00:00-04:00,95.1999969482422,97.4000015258789,51749200,0.0,0.0,2023-05-15 00:00:00-04:00
2023-05-16 00:00:00-04:00,97.38999938964844,101.4800033569336,90622900,0.0,0.0,2023-05-16 00:00:00-04:00
2023-05-17 00:00:00-04:00,101.79000091552734,103.75,75240900,0.0,0.0,2023-05-17 00:00:00-04:00
2023-05-18 00:00:00-04:00,103.9800033569336,107.93000030517578,74338700,0.0,0.0,2023-05-18 00:00:00-04:00
2023-05-19 00:00:00-04:00,106.36000061035156,105.81999969482422,67830600,0.0,0.0,2023-05-19 00:00:00-04:00
2023-05-22 00:00:00-04:00,104.68000030517578,108.0,65424200,0.0,0.0,2023-05-22 00:00:00-04:00
2023-05-23 00:00:00-04:00,107.25,108.12000274658205,73099100,0.0,0.0,2023-05-23 00:00:00-04:00
2023-05-24 00:00:00-04:00,105.9800033569336,108.2699966430664,65910500,0.0,0.0,2023-05-24 00:00:00-04:00
2023-05-25 00:00:00-04:00,117.30999755859376,120.3499984741211,108514700,0.0,0.0,2023-05-25 00:00:00-04:00
2023-05-26 00:00:00-04:00,122.45999908447266,127.02999877929688,92922800,0.0,0.0,2023-05-26 00:00:00-04:00
2023-05-30 00:00:00-04:00,130.4199981689453,125.2699966430664,98902300,0.0,0.0,2023-05-30 00:00:00-04:00
2023-05-31 00:00:00-04:00,122.41999816894533,118.20999908447266,87552200,0.0,0.0,2023-05-31 00:00:00-04:00
2023-06-01 00:00:00-04:00,117.29000091552734,119.47000122070312,66032900,0.0,0.0,2023-06-01 00:00:00-04:00
2023-06-02 00:00:00-04:00,120.75,117.86000061035156,52331100,0.0,0.0,2023-06-02 00:00:00-04:00
2023-06-05 00:00:00-04:00,116.58999633789062,117.93000030517578,52602900,0.0,0.0,2023-06-05 00:00:00-04:00
2023-06-06 00:00:00-04:00,117.91000366210938,124.2300033569336,75257500,0.0,0.0,2023-06-06 00:00:00-04:00
2023-06-07 00:00:00-04:00,124.02999877929688,117.83000183105467,81755200,0.0,0.0,2023-06-07 00:00:00-04:00
2023-06-08 00:00:00-04:00,118.3000030517578,121.0500030517578,65246900,0.0,0.0,2023-06-08 00:00:00-04:00
2023-06-09 00:00:00-04:00,123.56999969482422,124.91999816894533,75051600,0.0,0.0,2023-06-09 00:00:00-04:00
2023-06-12 00:00:00-04:00,128.52000427246094,129.19000244140625,85394700,0.0,0.0,2023-06-12 00:00:00-04:00
2023-06-13 00:00:00-04:00,132.32000732421875,124.52999877929688,132461900,0.0,0.0,2023-06-13 00:00:00-04:00
2023-06-14 00:00:00-04:00,126.52999877929688,127.33000183105467,95888100,0.0,0.0,2023-06-14 00:00:00-04:00
2023-06-15 00:00:00-04:00,125.38999938964844,124.23999786376952,85587100,0.0,0.0,2023-06-15 00:00:00-04:00
2023-06-16 00:00:00-04:00,125.81999969482422,120.08000183105467,81846900,0.0,0.0,2023-06-16 00:00:00-04:00
2023-06-20 00:00:00-04:00,119.08999633789062,118.93000030517578,58851800,0.0,0.0,2023-06-20 00:00:00-04:00
2023-06-21 00:00:00-04:00,118.48999786376952,112.11000061035156,82835600,0.0,0.0,2023-06-21 00:00:00-04:00
2023-06-22 00:00:00-04:00,112.23999786376952,110.6999969482422,70754800,0.0,0.0,2023-06-22 00:00:00-04:00
2023-06-23 00:00:00-04:00,109.30999755859376,110.01000213623048,73545600,0.0,0.0,2023-06-23 00:00:00-04:00
2023-06-26 00:00:00-04:00,110.9499969482422,107.51000213623048,68557000,0.0,0.0,2023-06-26 00:00:00-04:00
2023-06-27 00:00:00-04:00,108.56999969482422,110.38999938964844,59381600,0.0,0.0,2023-06-27 00:00:00-04:00
2023-06-28 00:00:00-04:00,108.20999908447266,110.16999816894533,67534100,0.0,0.0,2023-06-28 00:00:00-04:00
2023-06-29 00:00:00-04:00,112.06999969482422,111.23999786376952,58347200,0.0,0.0,2023-06-29 00:00:00-04:00
2023-06-30 00:00:00-04:00,113.02999877929688,113.91000366210938,53331900,0.0,0.0,2023-06-30 00:00:00-04:00
2023-07-03 00:00:00-04:00,115.16000366210938,115.81999969482422,31860000,0.0,0.0,2023-07-03 00:00:00-04:00
2023-07-05 00:00:00-04:00,116.0999984741211,113.9499969482422,49501600,0.0,0.0,2023-07-05 00:00:00-04:00
2023-07-06 00:00:00-04:00,112.06999969482422,113.4800033569336,42342000,0.0,0.0,2023-07-06 00:00:00-04:00
2023-07-07 00:00:00-04:00,114.16000366210938,113.16999816894533,37135100,0.0,0.0,2023-07-07 00:00:00-04:00
2023-07-10 00:00:00-04:00,113.0,113.58000183105467,49330200,0.0,0.0,2023-07-10 00:00:00-04:00
2023-07-11 00:00:00-04:00,111.66000366210938,111.31999969482422,59899500,0.0,0.0,2023-07-11 00:00:00-04:00
2023-07-12 00:00:00-04:00,112.88999938964844,114.58000183105467,57993100,0.0,0.0,2023-07-12 00:00:00-04:00
2023-07-13 00:00:00-04:00,115.76000213623048,115.91999816894533,49206700,0.0,0.0,2023-07-13 00:00:00-04:00
2023-07-14 00:00:00-04:00,116.16999816894533,115.94000244140624,91847300,0.0,0.0,2023-07-14 00:00:00-04:00
2023-07-17 00:00:00-04:00,115.9499969482422,118.31999969482422,68593300,0.0,0.0,2023-07-17 00:00:00-04:00
2023-07-18 00:00:00-04:00,117.5500030517578,117.93000030517578,57980100,0.0,0.0,2023-07-18 00:00:00-04:00
2023-07-19 00:00:00-04:00,121.3000030517578,116.43000030517578,70363100,0.0,0.0,2023-07-19 00:00:00-04:00
2023-07-20 00:00:00-04:00,114.95999908447266,110.25,76340400,0.0,0.0,2023-07-20 00:00:00-04:00
2023-07-21 00:00:00-04:00,110.97000122070312,110.9499969482422,76778100,0.0,0.0,2023-07-21 00:00:00-04:00
2023-07-24 00:00:00-04:00,110.62000274658205,110.61000061035156,45583600,0.0,0.0,2023-07-24 00:00:00-04:00
2023-07-25 00:00:00-04:00,111.13999938964844,113.0,44916300,0.0,0.0,2023-07-25 00:00:00-04:00
2023-07-26 00:00:00-04:00,111.91000366210938,110.08999633789062,51721700,0.0,0.0,2023-07-26 00:00:00-04:00
2023-07-27 00:00:00-04:00,111.79000091552734,111.0999984741211,70678000,0.0,0.0,2023-07-27 00:00:00-04:00
2023-07-28 00:00:00-04:00,113.37999725341795,112.95999908447266,55526000,0.0,0.0,2023-07-28 00:00:00-04:00
2023-07-31 00:00:00-04:00,114.16000366210938,114.4000015258789,54187300,0.0,0.0,2023-07-31 00:00:00-04:00
2023-08-01 00:00:00-04:00,114.26000213623048,117.5999984741211,95279300,0.0,0.0,2023-08-01 00:00:00-04:00
2023-08-02 00:00:00-04:00,119.48999786376952,109.3499984741211,173372000,0.0,0.0,2023-08-02 00:00:00-04:00
2023-08-03 00:00:00-04:00,108.9499969482422,113.1500015258789,90605400,0.0,0.0,2023-08-03 00:00:00-04:00
2023-08-04 00:00:00-04:00,114.4800033569336,115.81999969482422,83083100,0.0,0.0,2023-08-04 00:00:00-04:00
2023-08-07 00:00:00-04:00,116.36000061035156,116.80999755859376,65854800,0.0,0.0,2023-08-07 00:00:00-04:00
2023-08-08 00:00:00-04:00,114.94000244140624,113.2300033569336,54141800,0.0,0.0,2023-08-08 00:00:00-04:00
2023-08-09 00:00:00-04:00,112.88999938964844,110.47000122070312,56257100,0.0,0.0,2023-08-09 00:00:00-04:00
2023-08-10 00:00:00-04:00,111.3000030517578,110.2300033569336,57297800,0.0,0.0,2023-08-10 00:00:00-04:00
2023-08-11 00:00:00-04:00,108.8499984741211,107.56999969482422,55618700,0.0,0.0,2023-08-11 00:00:00-04:00
2023-08-14 00:00:00-04:00,106.75,111.9800033569336,57421800,0.0,0.0,2023-08-14 00:00:00-04:00
2023-08-15 00:00:00-04:00,111.98999786376952,111.3499984741211,53816600,0.0,0.0,2023-08-15 00:00:00-04:00
2023-08-16 00:00:00-04:00,110.08999633789062,107.19000244140624,54327300,0.0,0.0,2023-08-16 00:00:00-04:00
2023-08-17 00:00:00-04:00,107.62000274658205,104.44000244140624,59064300,0.0,0.0,2023-08-17 00:00:00-04:00
2023-08-18 00:00:00-04:00,102.4000015258789,105.4499969482422,59884300,0.0,0.0,2023-08-18 00:00:00-04:00
2023-08-21 00:00:00-04:00,106.1999969482422,108.22000122070312,49319200,0.0,0.0,2023-08-21 00:00:00-04:00
2023-08-22 00:00:00-04:00,109.4000015258789,105.66000366210938,47335100,0.0,0.0,2023-08-22 00:00:00-04:00
2023-08-23 00:00:00-04:00,105.6500015258789,109.43000030517578,54656300,0.0,0.0,2023-08-23 00:00:00-04:00
2023-08-24 00:00:00-04:00,111.05999755859376,101.8000030517578,109179100,0.0,0.0,2023-08-24 00:00:00-04:00
2023-08-25 00:00:00-04:00,101.16999816894533,102.25,74793100,0.0,0.0,2023-08-25 00:00:00-04:00
2023-08-28 00:00:00-04:00,103.47000122070312,102.61000061035156,55386800,0.0,0.0,2023-08-28 00:00:00-04:00
2023-08-29 00:00:00-04:00,102.11000061035156,105.91999816894533,50850300,0.0,0.0,2023-08-29 00:00:00-04:00
2023-08-30 00:00:00-04:00,105.4000015258789,106.58999633789062,54847300,0.0,0.0,2023-08-30 00:00:00-04:00
2023-08-31 00:00:00-04:00,106.19000244140624,105.72000122070312,58919000,0.0,0.0,2023-08-31 00:00:00-04:00
2023-09-01 00:00:00-04:00,107.0,109.4499969482422,54808900,0.0,0.0,2023-09-01 00:00:00-04:00
2023-09-05 00:00:00-04:00,109.0,110.77999877929688,66042200,0.0,0.0,2023-09-05 00:00:00-04:00
2023-09-06 00:00:00-04:00,110.55999755859376,109.27999877929688,47736700,0.0,0.0,2023-09-06 00:00:00-04:00
2023-09-07 00:00:00-04:00,106.13999938964844,106.58999633789062,49080100,0.0,0.0,2023-09-07 00:00:00-04:00
2023-09-08 00:00:00-04:00,107.0199966430664,106.08999633789062,46232000,0.0,0.0,2023-09-08 00:00:00-04:00
2023-09-11 00:00:00-04:00,107.31999969482422,105.31999969482422,50611300,0.0,0.0,2023-09-11 00:00:00-04:00
2023-09-12 00:00:00-04:00,104.1999969482422,105.30999755859376,44413600,0.0,0.0,2023-09-12 00:00:00-04:00
2023-09-13 00:00:00-04:00,105.0999984741211,107.70999908447266,44702300,0.0,0.0,2023-09-13 00:00:00-04:00
2023-09-14 00:00:00-04:00,108.43000030517578,106.62999725341795,45920600,0.0,0.0,2023-09-14 00:00:00-04:00
2023-09-15 00:00:00-04:00,106.06999969482422,101.48999786376952,71017600,0.0,0.0,2023-09-15 00:00:00-04:00
2023-09-18 00:00:00-04:00,100.81999969482422,102.37000274658205,49061300,0.0,0.0,2023-09-18 00:00:00-04:00
2023-09-19 00:00:00-04:00,101.75,101.61000061035156,41704100,0.0,0.0,2023-09-19 00:00:00-04:00
2023-09-20 00:00:00-04:00,102.36000061035156,100.33999633789062,55180600,0.0,0.0,2023-09-20 00:00:00-04:00
2023-09-21 00:00:00-04:00,98.5999984741211,96.11000061035156,59628600,0.0,0.0,2023-09-21 00:00:00-04:00
2023-09-22 00:00:00-04:00,96.91999816894533,96.1999969482422,52169400,0.0,0.0,2023-09-22 00:00:00-04:00
2023-09-25 00:00:00-04:00,95.9499969482422,97.37999725341795,43223700,0.0,0.0,2023-09-25 00:00:00-04:00
2023-09-26 00:00:00-04:00,96.5,95.95999908447266,42866500,0.0,0.0,2023-09-26 00:00:00-04:00
2023-09-27 00:00:00-04:00,96.81999969482422,98.06999969482422,51261500,0.0,0.0,2023-09-27 00:00:00-04:00
2023-09-28 00:00:00-04:00,97.94000244140624,102.76000213623048,72542100,0.0,0.0,2023-09-28 00:00:00-04:00
2023-09-29 00:00:00-04:00,104.69000244140624,102.81999969482422,56027300,0.0,0.0,2023-09-29 00:00:00-04:00
2023-10-02 00:00:00-04:00,102.20999908447266,103.2699966430664,45118600,0.0,0.0,2023-10-02 00:00:00-04:00
2023-10-03 00:00:00-04:00,101.8000030517578,100.08000183105467,48117000,0.0,0.0,2023-10-03 00:00:00-04:00
2023-10-04 00:00:00-04:00,100.6500015258789,104.06999969482422,51023200,0.0,0.0,2023-10-04 00:00:00-04:00
2023-10-05 00:00:00-04:00,103.41000366210938,102.91000366210938,51789700,0.0,0.0,2023-10-05 00:00:00-04:00
2023-10-06 00:00:00-04:00,102.16000366210938,107.23999786376952,64807500,0.0,0.0,2023-10-06 00:00:00-04:00
2023-10-09 00:00:00-04:00,106.01000213623048,106.97000122070312,39593200,0.0,0.0,2023-10-09 00:00:00-04:00
2023-10-10 00:00:00-04:00,107.48999786376952,109.01000213623048,57105500,0.0,0.0,2023-10-10 00:00:00-04:00
2023-10-11 00:00:00-04:00,109.13999938964844,108.30999755859376,51085600,0.0,0.0,2023-10-11 00:00:00-04:00
2023-10-12 00:00:00-04:00,108.4000015258789,108.79000091552734,60959400,0.0,0.0,2023-10-12 00:00:00-04:00
2023-10-13 00:00:00-04:00,108.6500015258789,105.08999633789062,52881500,0.0,0.0,2023-10-13 00:00:00-04:00
2023-10-16 00:00:00-04:00,105.41999816894533,106.45999908447266,42464500,0.0,0.0,2023-10-16 00:00:00-04:00
2023-10-17 00:00:00-04:00,103.54000091552734,105.13999938964844,49642100,0.0,0.0,2023-10-17 00:00:00-04:00
2023-10-18 00:00:00-04:00,103.37999725341795,102.16999816894533,50450000,0.0,0.0,2023-10-18 00:00:00-04:00
2023-10-19 00:00:00-04:00,103.80999755859376,102.4000015258789,52734200,0.0,0.0,2023-10-19 00:00:00-04:00
2023-10-20 00:00:00-04:00,102.27999877929688,101.80999755859376,61285600,0.0,0.0,2023-10-20 00:00:00-04:00
2023-10-23 00:00:00-04:00,100.80999755859376,100.01000213623048,50817400,0.0,0.0,2023-10-23 00:00:00-04:00
2023-10-24 00:00:00-04:00,100.97000122070312,101.66999816894533,51982900,0.0,0.0,2023-10-24 00:00:00-04:00
2023-10-25 00:00:00-04:00,100.41999816894533,96.05999755859376,53424500,0.0,0.0,2023-10-25 00:00:00-04:00
2023-10-26 00:00:00-04:00,95.98999786376952,93.66999816894533,49896400,0.0,0.0,2023-10-26 00:00:00-04:00
2023-10-27 00:00:00-04:00,95.8000030517578,96.43000030517578,52428300,0.0,0.0,2023-10-27 00:00:00-04:00
2023-10-30 00:00:00-04:00,96.13999938964844,96.18000030517578,43716600,0.0,0.0,2023-10-30 00:00:00-04:00
2023-10-31 00:00:00-04:00,96.23999786376952,98.5,78433800,0.0,0.0,2023-10-31 00:00:00-04:00
